"LOCATION","INDICATOR","SUBJECT","MEASURE","FREQUENCY","TIME","Value","Flag Codes"
"AUS","HHDI","NET","AGRWTH","A","2000",3.76981374896185,
"AUS","HHDI","NET","AGRWTH","A","2001",4.36426630762756,
"AUS","HHDI","NET","AGRWTH","A","2002",0.021820395683255,
"AUS","HHDI","NET","AGRWTH","A","2003",6.0565918131538,
"AUS","HHDI","NET","AGRWTH","A","2004",5.5268201679681,
"AUS","HHDI","NET","AGRWTH","A","2005",2.35189638817248,
"AUS","HHDI","NET","AGRWTH","A","2006",5.16826457067624,
"AUS","HHDI","NET","AGRWTH","A","2007",6.34682859140092,
"AUS","HHDI","NET","AGRWTH","A","2008",7.24181541297598,
"AUS","HHDI","NET","AGRWTH","A","2009",1.04716450132784,
"AUS","HHDI","NET","AGRWTH","A","2010",5.55094818528465,
"AUS","HHDI","NET","AGRWTH","A","2011",3.03296795880449,
"AUS","HHDI","NET","AGRWTH","A","2012",0.339802096321155,
"AUS","HHDI","NET","AGRWTH","A","2013",2.6351972172942,
"AUS","HHDI","NET","AGRWTH","A","2014",2.61385353146468,
"AUS","HHDI","NET","AGRWTH","A","2015",1.33529276422207,
"AUS","HHDI","NET","AGRWTH","A","2016",1.90446335742445,
"AUS","HHDI","NET","AGRWTH","A","2017",1.68332285587474,
"AUT","HHDI","NET","AGRWTH","A","2000",1.52317022455656,
"AUT","HHDI","NET","AGRWTH","A","2001",-0.437761164461041,
"AUT","HHDI","NET","AGRWTH","A","2002",1.36770122514373,
"AUT","HHDI","NET","AGRWTH","A","2003",1.93804438751979,
"AUT","HHDI","NET","AGRWTH","A","2004",1.75518456721141,
"AUT","HHDI","NET","AGRWTH","A","2005",3.82893992578123,
"AUT","HHDI","NET","AGRWTH","A","2006",2.82196738310819,
"AUT","HHDI","NET","AGRWTH","A","2007",2.37730710277949,
"AUT","HHDI","NET","AGRWTH","A","2008",1.24543970176001,
"AUT","HHDI","NET","AGRWTH","A","2009",-0.03471049800258,
"AUT","HHDI","NET","AGRWTH","A","2010",-0.686110083473299,
"AUT","HHDI","NET","AGRWTH","A","2011",-0.334935608912642,
"AUT","HHDI","NET","AGRWTH","A","2012",1.39447992770547,
"AUT","HHDI","NET","AGRWTH","A","2013",-1.38437562269925,
"AUT","HHDI","NET","AGRWTH","A","2014",0.832703028839532,
"AUT","HHDI","NET","AGRWTH","A","2015",-0.032051389112743,
"AUT","HHDI","NET","AGRWTH","A","2016",2.34778756453769,
"AUT","HHDI","NET","AGRWTH","A","2017",0.473808117491736,
"BEL","HHDI","NET","AGRWTH","A","2000",1.96901554318016,
"BEL","HHDI","NET","AGRWTH","A","2001",2.41628588748841,
"BEL","HHDI","NET","AGRWTH","A","2002",-0.17411963705257,
"BEL","HHDI","NET","AGRWTH","A","2003",0.224232909814678,
"BEL","HHDI","NET","AGRWTH","A","2004",0.055826425867129,
"BEL","HHDI","NET","AGRWTH","A","2005",0.857321551265908,
"BEL","HHDI","NET","AGRWTH","A","2006",2.018083410186,
"BEL","HHDI","NET","AGRWTH","A","2007",1.96050466402689,
"BEL","HHDI","NET","AGRWTH","A","2008",2.21597788490927,
"BEL","HHDI","NET","AGRWTH","A","2009",1.80614339561789,
"BEL","HHDI","NET","AGRWTH","A","2010",-0.588662633923381,
"BEL","HHDI","NET","AGRWTH","A","2011",-0.47690013298081,
"BEL","HHDI","NET","AGRWTH","A","2012",0.158395977010935,
"BEL","HHDI","NET","AGRWTH","A","2013",0.158800230396895,
"BEL","HHDI","NET","AGRWTH","A","2014",1.0768252901001,
"BEL","HHDI","NET","AGRWTH","A","2015",0.394579159842876,
"BEL","HHDI","NET","AGRWTH","A","2016",1.32365389819682,
"BEL","HHDI","NET","AGRWTH","A","2017",1.2082812913089,
"CAN","HHDI","NET","AGRWTH","A","2000",3.4568614953024,"E"
"CAN","HHDI","NET","AGRWTH","A","2001",3.78622714534459,"E"
"CAN","HHDI","NET","AGRWTH","A","2002",2.15510754558588,"E"
"CAN","HHDI","NET","AGRWTH","A","2003",1.5253912288684,"E"
"CAN","HHDI","NET","AGRWTH","A","2004",3.31617834062629,"E"
"CAN","HHDI","NET","AGRWTH","A","2005",1.87456932006608,"E"
"CAN","HHDI","NET","AGRWTH","A","2006",5.33854505989366,"E"
"CAN","HHDI","NET","AGRWTH","A","2007",3.48753725074094,"E"
"CAN","HHDI","NET","AGRWTH","A","2008",3.85856142347216,"E"
"CAN","HHDI","NET","AGRWTH","A","2009",2.08373820785417,"E"
"CAN","HHDI","NET","AGRWTH","A","2010",3.41620774630781,"E"
"CAN","HHDI","NET","AGRWTH","A","2011",1.56601861500444,
"CAN","HHDI","NET","AGRWTH","A","2012",2.19643476525663,
"CAN","HHDI","NET","AGRWTH","A","2013",2.19033633214033,
"CAN","HHDI","NET","AGRWTH","A","2014",1.15283226971624,
"CAN","HHDI","NET","AGRWTH","A","2015",2.97441731122054,
"CAN","HHDI","NET","AGRWTH","A","2016",-0.110031841058589,
"CAN","HHDI","NET","AGRWTH","A","2017",3.57554622044137,
"CZE","HHDI","NET","AGRWTH","A","2000",2.2517053952582,
"CZE","HHDI","NET","AGRWTH","A","2001",3.18776250840607,
"CZE","HHDI","NET","AGRWTH","A","2002",4.4964502712736,
"CZE","HHDI","NET","AGRWTH","A","2003",4.28182843102277,
"CZE","HHDI","NET","AGRWTH","A","2004",1.96814392853492,
"CZE","HHDI","NET","AGRWTH","A","2005",3.33421832392183,
"CZE","HHDI","NET","AGRWTH","A","2006",4.319144897988,
"CZE","HHDI","NET","AGRWTH","A","2007",2.89877411325347,
"CZE","HHDI","NET","AGRWTH","A","2008",2.08752019431409,
"CZE","HHDI","NET","AGRWTH","A","2009",2.34502993837525,
"CZE","HHDI","NET","AGRWTH","A","2010",0.379849992127783,
"CZE","HHDI","NET","AGRWTH","A","2011",-1.7606916908389,
"CZE","HHDI","NET","AGRWTH","A","2012",-1.14525105588359,
"CZE","HHDI","NET","AGRWTH","A","2013",-0.313640508948555,
"CZE","HHDI","NET","AGRWTH","A","2014",2.77510115381577,
"CZE","HHDI","NET","AGRWTH","A","2015",3.55257565716472,
"CZE","HHDI","NET","AGRWTH","A","2016",3.22113679794555,
"CZE","HHDI","NET","AGRWTH","A","2017",1.9470888442179,
"DNK","HHDI","NET","AGRWTH","A","2000",1.12948376726276,
"DNK","HHDI","NET","AGRWTH","A","2001",3.40999861814599,
"DNK","HHDI","NET","AGRWTH","A","2002",2.95689340989607,
"DNK","HHDI","NET","AGRWTH","A","2003",2.03705834694344,
"DNK","HHDI","NET","AGRWTH","A","2004",2.18159474002293,
"DNK","HHDI","NET","AGRWTH","A","2005",2.14519434233371,
"DNK","HHDI","NET","AGRWTH","A","2006",2.41976235870122,
"DNK","HHDI","NET","AGRWTH","A","2007",-0.192261402158205,
"DNK","HHDI","NET","AGRWTH","A","2008",0.386963573231017,
"DNK","HHDI","NET","AGRWTH","A","2009",2.71162462160495,
"DNK","HHDI","NET","AGRWTH","A","2010",3.35131594963482,
"DNK","HHDI","NET","AGRWTH","A","2011",0.881825264225637,
"DNK","HHDI","NET","AGRWTH","A","2012",-0.074057564986492,
"DNK","HHDI","NET","AGRWTH","A","2013",1.12609043366736,
"DNK","HHDI","NET","AGRWTH","A","2014",1.51442944250946,
"DNK","HHDI","NET","AGRWTH","A","2015",3.587097594159,
"DNK","HHDI","NET","AGRWTH","A","2016",3.52304955543301,
"DNK","HHDI","NET","AGRWTH","A","2017",1.68437900409684,
"DNK","HHDI","NET","AGRWTH","A","2018",1.33269956526198,
"FIN","HHDI","NET","AGRWTH","A","2000",1.65677981132039,
"FIN","HHDI","NET","AGRWTH","A","2001",1.95944218319484,
"FIN","HHDI","NET","AGRWTH","A","2002",2.86173842804289,
"FIN","HHDI","NET","AGRWTH","A","2003",3.42663552297326,
"FIN","HHDI","NET","AGRWTH","A","2004",3.98956234749434,
"FIN","HHDI","NET","AGRWTH","A","2005",1.48351955834402,
"FIN","HHDI","NET","AGRWTH","A","2006",2.20164256114742,
"FIN","HHDI","NET","AGRWTH","A","2007",2.98292615626796,
"FIN","HHDI","NET","AGRWTH","A","2008",2.20890032524505,
"FIN","HHDI","NET","AGRWTH","A","2009",1.00453086248041,
"FIN","HHDI","NET","AGRWTH","A","2010",2.35773944645708,
"FIN","HHDI","NET","AGRWTH","A","2011",0.940501551958701,
"FIN","HHDI","NET","AGRWTH","A","2012",-0.022974440515413,
"FIN","HHDI","NET","AGRWTH","A","2013",0.324870664309752,
"FIN","HHDI","NET","AGRWTH","A","2014",-0.690131147686214,
"FIN","HHDI","NET","AGRWTH","A","2015",1.26959388686035,
"FIN","HHDI","NET","AGRWTH","A","2016",1.64956495068172,
"FIN","HHDI","NET","AGRWTH","A","2017",1.37379555649377,
"FIN","HHDI","NET","AGRWTH","A","2018",1.54120534686812,
"FRA","HHDI","NET","AGRWTH","A","2000",3.33869102163526,
"FRA","HHDI","NET","AGRWTH","A","2001",3.01384818643186,
"FRA","HHDI","NET","AGRWTH","A","2002",3.06600768996427,
"FRA","HHDI","NET","AGRWTH","A","2003",0.956784706444131,
"FRA","HHDI","NET","AGRWTH","A","2004",2.04058816902582,
"FRA","HHDI","NET","AGRWTH","A","2005",1.22803789492718,
"FRA","HHDI","NET","AGRWTH","A","2006",2.51648169919912,
"FRA","HHDI","NET","AGRWTH","A","2007",2.91956276538059,
"FRA","HHDI","NET","AGRWTH","A","2008",0.531569526918912,
"FRA","HHDI","NET","AGRWTH","A","2009",1.81588537320125,
"FRA","HHDI","NET","AGRWTH","A","2010",1.77293083018834,
"FRA","HHDI","NET","AGRWTH","A","2011",0.345899213692641,
"FRA","HHDI","NET","AGRWTH","A","2012",0.07479180173558,
"FRA","HHDI","NET","AGRWTH","A","2013",-0.588046590302327,
"FRA","HHDI","NET","AGRWTH","A","2014",1.36546977079526,
"FRA","HHDI","NET","AGRWTH","A","2015",1.05605911450014,
"FRA","HHDI","NET","AGRWTH","A","2016",1.53746630035802,"E"
"FRA","HHDI","NET","AGRWTH","A","2017",1.63822058978234,"E"
"DEU","HHDI","NET","AGRWTH","A","2000",1.58723627379575,
"DEU","HHDI","NET","AGRWTH","A","2001",2.53891844057761,
"DEU","HHDI","NET","AGRWTH","A","2002",0.037338789166433,
"DEU","HHDI","NET","AGRWTH","A","2003",0.802686755346282,
"DEU","HHDI","NET","AGRWTH","A","2004",0.483533231458648,
"DEU","HHDI","NET","AGRWTH","A","2005",0.408600693949112,
"DEU","HHDI","NET","AGRWTH","A","2006",0.903018962263627,
"DEU","HHDI","NET","AGRWTH","A","2007",0.393636831763465,
"DEU","HHDI","NET","AGRWTH","A","2008",1.05340050726302,
"DEU","HHDI","NET","AGRWTH","A","2009",-0.291382354233222,
"DEU","HHDI","NET","AGRWTH","A","2010",0.636918687814964,
"DEU","HHDI","NET","AGRWTH","A","2011",0.848898829331301,
"DEU","HHDI","NET","AGRWTH","A","2012",0.842864670153637,
"DEU","HHDI","NET","AGRWTH","A","2013",0.366989337645396,
"DEU","HHDI","NET","AGRWTH","A","2014",1.67195279031612,
"DEU","HHDI","NET","AGRWTH","A","2015",2.38762529950816,
"DEU","HHDI","NET","AGRWTH","A","2016",2.2693291305047,
"DEU","HHDI","NET","AGRWTH","A","2017",2.14397191091661,
"GRC","HHDI","NET","AGRWTH","A","2000",0.329479799408488,"E"
"GRC","HHDI","NET","AGRWTH","A","2001",3.68168525663489,"E"
"GRC","HHDI","NET","AGRWTH","A","2002",4.44710629150802,"E"
"GRC","HHDI","NET","AGRWTH","A","2003",7.60970296934367,"E"
"GRC","HHDI","NET","AGRWTH","A","2004",3.22205054139253,"E"
"GRC","HHDI","NET","AGRWTH","A","2005",0.568829503478553,"E"
"GRC","HHDI","NET","AGRWTH","A","2006",5.39550089961257,"E"
"GRC","HHDI","NET","AGRWTH","A","2007",3.15386136177844,"E"
"GRC","HHDI","NET","AGRWTH","A","2008",0.836267359299412,"E"
"GRC","HHDI","NET","AGRWTH","A","2009",0.631335443869078,"E"
"GRC","HHDI","NET","AGRWTH","A","2010",-10.5003292850302,"E"
"GRC","HHDI","NET","AGRWTH","A","2011",-10.5608849717696,"E"
"GRC","HHDI","NET","AGRWTH","A","2012",-9.76088788437371,"E"
"GRC","HHDI","NET","AGRWTH","A","2013",-7.84135697015976,"E"
"GRC","HHDI","NET","AGRWTH","A","2014",1.66719125338461,"E"
"GRC","HHDI","NET","AGRWTH","A","2015",-1.41155961553603,"E"
"GRC","HHDI","NET","AGRWTH","A","2016",-1.2023752621419,"E"
"GRC","HHDI","NET","AGRWTH","A","2017",0.869851597928293,"E"
"HUN","HHDI","NET","AGRWTH","A","2000",1.30028529512192,
"HUN","HHDI","NET","AGRWTH","A","2001",5.43695228244417,
"HUN","HHDI","NET","AGRWTH","A","2002",4.77951755316101,
"HUN","HHDI","NET","AGRWTH","A","2003",6.44766211492637,
"HUN","HHDI","NET","AGRWTH","A","2004",5.07367067325924,
"HUN","HHDI","NET","AGRWTH","A","2005",4.00828355051982,
"HUN","HHDI","NET","AGRWTH","A","2006",1.74467212823401,
"HUN","HHDI","NET","AGRWTH","A","2007",-4.080687387903,
"HUN","HHDI","NET","AGRWTH","A","2008",-1.68536639059326,
"HUN","HHDI","NET","AGRWTH","A","2009",-3.81935955095715,
"HUN","HHDI","NET","AGRWTH","A","2010",-2.1057069457268,
"HUN","HHDI","NET","AGRWTH","A","2011",3.42853566763633,
"HUN","HHDI","NET","AGRWTH","A","2012",-3.49305247839278,
"HUN","HHDI","NET","AGRWTH","A","2013",1.84265276440848,
"HUN","HHDI","NET","AGRWTH","A","2014",2.99296566573276,
"HUN","HHDI","NET","AGRWTH","A","2015",1.95016711738124,
"HUN","HHDI","NET","AGRWTH","A","2016",4.79991775046708,
"HUN","HHDI","NET","AGRWTH","A","2017",3.32182590302828,
"IRL","HHDI","NET","AGRWTH","A","2000",6.68846853158868,
"IRL","HHDI","NET","AGRWTH","A","2001",10.4731865112537,
"IRL","HHDI","NET","AGRWTH","A","2002",3.39601365504664,
"IRL","HHDI","NET","AGRWTH","A","2003",3.21908704450919,
"IRL","HHDI","NET","AGRWTH","A","2004",4.53109748551821,
"IRL","HHDI","NET","AGRWTH","A","2005",7.51265547053739,
"IRL","HHDI","NET","AGRWTH","A","2006",4.17630908306051,
"IRL","HHDI","NET","AGRWTH","A","2007",6.10049890218242,
"IRL","HHDI","NET","AGRWTH","A","2008",5.65501552307847,
"IRL","HHDI","NET","AGRWTH","A","2009",-0.397470595494491,
"IRL","HHDI","NET","AGRWTH","A","2010",-1.0621174779431,
"IRL","HHDI","NET","AGRWTH","A","2011",-5.65521968037345,
"IRL","HHDI","NET","AGRWTH","A","2012",1.15246650208058,
"IRL","HHDI","NET","AGRWTH","A","2013",-1.06087705382667,
"IRL","HHDI","NET","AGRWTH","A","2014",1.03413553050848,
"IRL","HHDI","NET","AGRWTH","A","2015",3.88211512279558,
"IRL","HHDI","NET","AGRWTH","A","2016",4.44901439636902,
"IRL","HHDI","NET","AGRWTH","A","2017",4.41103068781228,
"ITA","HHDI","NET","AGRWTH","A","2000",1.50567337957327,
"ITA","HHDI","NET","AGRWTH","A","2001",2.77084521941013,
"ITA","HHDI","NET","AGRWTH","A","2002",1.04512173441486,
"ITA","HHDI","NET","AGRWTH","A","2003",0.432944915185953,
"ITA","HHDI","NET","AGRWTH","A","2004",1.36831258889287,
"ITA","HHDI","NET","AGRWTH","A","2005",0.738470204675898,
"ITA","HHDI","NET","AGRWTH","A","2006",0.966546005373331,
"ITA","HHDI","NET","AGRWTH","A","2007",1.29943715903542,
"ITA","HHDI","NET","AGRWTH","A","2008",-1.32730121329102,
"ITA","HHDI","NET","AGRWTH","A","2009",-1.68610864723287,
"ITA","HHDI","NET","AGRWTH","A","2010",-1.47008487879602,
"ITA","HHDI","NET","AGRWTH","A","2011",-0.748651403081539,
"ITA","HHDI","NET","AGRWTH","A","2012",-4.99953036137095,
"ITA","HHDI","NET","AGRWTH","A","2013",-0.664120292889831,
"ITA","HHDI","NET","AGRWTH","A","2014",0.460925290921325,
"ITA","HHDI","NET","AGRWTH","A","2015",1.13182991539333,
"ITA","HHDI","NET","AGRWTH","A","2016",1.12066280727111,
"ITA","HHDI","NET","AGRWTH","A","2017",0.548986148947838,
"ITA","HHDI","NET","AGRWTH","A","2018",0.875304138914399,
"JPN","HHDI","NET","AGRWTH","A","2000",0.436417201800916,
"JPN","HHDI","NET","AGRWTH","A","2001",-1.19165882105822,
"JPN","HHDI","NET","AGRWTH","A","2002",1.16090183416397,
"JPN","HHDI","NET","AGRWTH","A","2003",0.015971581035396,
"JPN","HHDI","NET","AGRWTH","A","2004",1.43837273619864,
"JPN","HHDI","NET","AGRWTH","A","2005",0.933018781418894,
"JPN","HHDI","NET","AGRWTH","A","2006",0.236869963564032,
"JPN","HHDI","NET","AGRWTH","A","2007",1.23208795756758,
"JPN","HHDI","NET","AGRWTH","A","2008",-0.747216803667657,
"JPN","HHDI","NET","AGRWTH","A","2009",1.42500598723702,
"JPN","HHDI","NET","AGRWTH","A","2010",2.10699787093669,
"JPN","HHDI","NET","AGRWTH","A","2011",0.434565013121224,
"JPN","HHDI","NET","AGRWTH","A","2012",1.18183459150244,
"JPN","HHDI","NET","AGRWTH","A","2013",0.265273544799996,
"JPN","HHDI","NET","AGRWTH","A","2014",-1.131775340004,
"JPN","HHDI","NET","AGRWTH","A","2015",1.43619827993269,
"JPN","HHDI","NET","AGRWTH","A","2016",1.60131007682172,
"JPN","HHDI","NET","AGRWTH","A","2017",0.765921192440675,
"KOR","HHDI","NET","AGRWTH","A","2000",0.830721080920143,
"KOR","HHDI","NET","AGRWTH","A","2001",2.02552490820079,
"KOR","HHDI","NET","AGRWTH","A","2002",3.99184126065712,
"KOR","HHDI","NET","AGRWTH","A","2003",3.36015348320725,
"KOR","HHDI","NET","AGRWTH","A","2004",3.81522679831752,
"KOR","HHDI","NET","AGRWTH","A","2005",2.76093405626734,
"KOR","HHDI","NET","AGRWTH","A","2006",3.83403713323894,
"KOR","HHDI","NET","AGRWTH","A","2007",3.05424337164646,
"KOR","HHDI","NET","AGRWTH","A","2008",1.67938814924984,
"KOR","HHDI","NET","AGRWTH","A","2009",1.78235687490872,
"KOR","HHDI","NET","AGRWTH","A","2010",3.59285048707654,
"KOR","HHDI","NET","AGRWTH","A","2011",2.40448353184977,
"KOR","HHDI","NET","AGRWTH","A","2012",1.84642967273049,
"KOR","HHDI","NET","AGRWTH","A","2013",3.95306176434267,
"KOR","HHDI","NET","AGRWTH","A","2014",3.64518417349536,
"KOR","HHDI","NET","AGRWTH","A","2015",4.66772568540949,
"KOR","HHDI","NET","AGRWTH","A","2016",2.51889830656095,
"LUX","HHDI","NET","AGRWTH","A","2000",6.27327605899546,
"LUX","HHDI","NET","AGRWTH","A","2001",3.83217016588245,
"LUX","HHDI","NET","AGRWTH","A","2002",5.9768309243212,
"LUX","HHDI","NET","AGRWTH","A","2003",1.9941572370685,
"LUX","HHDI","NET","AGRWTH","A","2004",1.55131900095233,
"LUX","HHDI","NET","AGRWTH","A","2005",0.023854306014178,
"LUX","HHDI","NET","AGRWTH","A","2006",1.42194834479542,
"LUX","HHDI","NET","AGRWTH","A","2007",4.42039959937224,
"LUX","HHDI","NET","AGRWTH","A","2008",1.35553533213061,
"LUX","HHDI","NET","AGRWTH","A","2009",3.51164558727629,
"LUX","HHDI","NET","AGRWTH","A","2010",2.28275221293725,
"LUX","HHDI","NET","AGRWTH","A","2011",-0.83910557238651,
"LUX","HHDI","NET","AGRWTH","A","2012",3.57398365759624,
"LUX","HHDI","NET","AGRWTH","A","2013",2.88873980716623,
"LUX","HHDI","NET","AGRWTH","A","2014",4.98139622251542,
"LUX","HHDI","NET","AGRWTH","A","2015",0.856925507455535,
"LUX","HHDI","NET","AGRWTH","A","2016",1.30794365994617,
"LUX","HHDI","NET","AGRWTH","A","2017",5.6869566268717,
"MEX","HHDI","NET","AGRWTH","A","2004",5.0362964935802,
"MEX","HHDI","NET","AGRWTH","A","2005",2.62235981192314,
"MEX","HHDI","NET","AGRWTH","A","2006",6.04221827949365,
"MEX","HHDI","NET","AGRWTH","A","2007",1.65851140310651,
"MEX","HHDI","NET","AGRWTH","A","2008",1.55356126717466,
"MEX","HHDI","NET","AGRWTH","A","2009",1.19334260465998,
"MEX","HHDI","NET","AGRWTH","A","2010",2.62360882312484,
"MEX","HHDI","NET","AGRWTH","A","2011",5.5849255839003,
"MEX","HHDI","NET","AGRWTH","A","2012",-0.253257647965834,
"MEX","HHDI","NET","AGRWTH","A","2013",0.575766997485743,
"MEX","HHDI","NET","AGRWTH","A","2014",3.11622933231567,
"MEX","HHDI","NET","AGRWTH","A","2015",4.7155879440131,
"MEX","HHDI","NET","AGRWTH","A","2016",1.94323595556563,
"NLD","HHDI","NET","AGRWTH","A","2000",2.80656807592106,
"NLD","HHDI","NET","AGRWTH","A","2001",5.92430796563479,
"NLD","HHDI","NET","AGRWTH","A","2002",0.538177520749176,
"NLD","HHDI","NET","AGRWTH","A","2003",-0.554088187692573,
"NLD","HHDI","NET","AGRWTH","A","2004",0.446582245666496,
"NLD","HHDI","NET","AGRWTH","A","2005",-0.080236440722372,
"NLD","HHDI","NET","AGRWTH","A","2006",4.04030345182444,
"NLD","HHDI","NET","AGRWTH","A","2007",2.098754536601,
"NLD","HHDI","NET","AGRWTH","A","2008",1.64126568988224,
"NLD","HHDI","NET","AGRWTH","A","2009",2.08211084692348,
"NLD","HHDI","NET","AGRWTH","A","2010",0.41166495779894,
"NLD","HHDI","NET","AGRWTH","A","2011",0.667786951642434,
"NLD","HHDI","NET","AGRWTH","A","2012",-0.522088310656776,
"NLD","HHDI","NET","AGRWTH","A","2013",-0.940629210084774,
"NLD","HHDI","NET","AGRWTH","A","2014",1.37505856257862,
"NLD","HHDI","NET","AGRWTH","A","2015",1.43380120493547,
"NLD","HHDI","NET","AGRWTH","A","2016",2.05887411525479,
"NLD","HHDI","NET","AGRWTH","A","2017",1.0800571302411,
"NLD","HHDI","NET","AGRWTH","A","2018",1.94685584286876,"E"
"NZL","HHDI","NET","AGRWTH","A","2000",-3.00967187699277,
"NZL","HHDI","NET","AGRWTH","A","2001",4.42217651646262,
"NZL","HHDI","NET","AGRWTH","A","2002",1.09388796119287,
"NZL","HHDI","NET","AGRWTH","A","2003",8.56706000759279,
"NZL","HHDI","NET","AGRWTH","A","2004",4.85270076939634,
"NZL","HHDI","NET","AGRWTH","A","2005",3.28272794153005,
"NZL","HHDI","NET","AGRWTH","A","2006",4.2614411093484,
"NZL","HHDI","NET","AGRWTH","A","2007",6.2445338889927,
"NZL","HHDI","NET","AGRWTH","A","2008",-1.51972402581007,
"NZL","HHDI","NET","AGRWTH","A","2009",3.22849033536079,
"NZL","HHDI","NET","AGRWTH","A","2010",2.45820455940094,
"NZL","HHDI","NET","AGRWTH","A","2011",3.35767233758674,
"NZL","HHDI","NET","AGRWTH","A","2012",1.04743391581493,
"NZL","HHDI","NET","AGRWTH","A","2013",2.14802735102399,
"NZL","HHDI","NET","AGRWTH","A","2014",1.1828930415754,
"NZL","HHDI","NET","AGRWTH","A","2015",4.57951246968859,
"NOR","HHDI","NET","AGRWTH","A","2000",3.60961527319576,
"NOR","HHDI","NET","AGRWTH","A","2001",0.819603979736573,
"NOR","HHDI","NET","AGRWTH","A","2002",7.23675624755582,
"NOR","HHDI","NET","AGRWTH","A","2003",4.32076835571069,
"NOR","HHDI","NET","AGRWTH","A","2004",3.16185901281175,
"NOR","HHDI","NET","AGRWTH","A","2005",7.31297285701479,
"NOR","HHDI","NET","AGRWTH","A","2006",-4.63861035016577,
"NOR","HHDI","NET","AGRWTH","A","2007",5.37316583294611,
"NOR","HHDI","NET","AGRWTH","A","2008",3.08711797389664,
"NOR","HHDI","NET","AGRWTH","A","2009",3.98602174643513,
"NOR","HHDI","NET","AGRWTH","A","2010",2.26706305851899,
"NOR","HHDI","NET","AGRWTH","A","2011",3.27804606653182,
"NOR","HHDI","NET","AGRWTH","A","2012",3.80654391540559,
"NOR","HHDI","NET","AGRWTH","A","2013",3.10173704228826,
"NOR","HHDI","NET","AGRWTH","A","2014",2.50897142845828,
"NOR","HHDI","NET","AGRWTH","A","2015",4.43552869853334,
"NOR","HHDI","NET","AGRWTH","A","2016",-0.783919746480108,
"NOR","HHDI","NET","AGRWTH","A","2017",1.33296231273891,
"NOR","HHDI","NET","AGRWTH","A","2018",1.98438047891223,
"POL","HHDI","NET","AGRWTH","A","2000",2.71320563144933,
"POL","HHDI","NET","AGRWTH","A","2001",3.71813809882941,
"POL","HHDI","NET","AGRWTH","A","2002",0.053607772387509,
"POL","HHDI","NET","AGRWTH","A","2003",0.787220486838947,
"POL","HHDI","NET","AGRWTH","A","2004",-0.634384314690407,
"POL","HHDI","NET","AGRWTH","A","2005",1.15449577114729,
"POL","HHDI","NET","AGRWTH","A","2006",4.78610796922337,
"POL","HHDI","NET","AGRWTH","A","2007",4.77048109826004,
"POL","HHDI","NET","AGRWTH","A","2008",4.35004113869442,
"POL","HHDI","NET","AGRWTH","A","2009",6.13792026975979,
"POL","HHDI","NET","AGRWTH","A","2010",2.27077151385474,
"POL","HHDI","NET","AGRWTH","A","2011",0.342000608159902,
"POL","HHDI","NET","AGRWTH","A","2012",0.957871526711439,
"POL","HHDI","NET","AGRWTH","A","2013",1.56020225027993,
"POL","HHDI","NET","AGRWTH","A","2014",2.99266082005275,
"POL","HHDI","NET","AGRWTH","A","2015",3.55089847630815,
"POL","HHDI","NET","AGRWTH","A","2016",5.35315312555455,
"POL","HHDI","NET","AGRWTH","A","2017",2.59690151699288,"E"
"PRT","HHDI","NET","AGRWTH","A","2000",2.60505012319679,
"PRT","HHDI","NET","AGRWTH","A","2001",1.7274510451546,
"PRT","HHDI","NET","AGRWTH","A","2002",1.10031569293904,
"PRT","HHDI","NET","AGRWTH","A","2003",-0.999478298948482,
"PRT","HHDI","NET","AGRWTH","A","2004",2.46221776068224,
"PRT","HHDI","NET","AGRWTH","A","2005",1.09798818294247,
"PRT","HHDI","NET","AGRWTH","A","2006",-0.13325643284147,
"PRT","HHDI","NET","AGRWTH","A","2007",1.22532372933997,
"PRT","HHDI","NET","AGRWTH","A","2008",1.09284787624275,
"PRT","HHDI","NET","AGRWTH","A","2009",1.70550546286763,
"PRT","HHDI","NET","AGRWTH","A","2010",0.714501267984896,
"PRT","HHDI","NET","AGRWTH","A","2011",-5.59195481530504,
"PRT","HHDI","NET","AGRWTH","A","2012",-4.81612386500619,
"PRT","HHDI","NET","AGRWTH","A","2013",-0.704003269248277,
"PRT","HHDI","NET","AGRWTH","A","2014",-1.11112823321546,
"PRT","HHDI","NET","AGRWTH","A","2015",1.74496594365496,
"PRT","HHDI","NET","AGRWTH","A","2016",2.3417510974876,
"PRT","HHDI","NET","AGRWTH","A","2017",2.09115434922257,"E"
"PRT","HHDI","NET","AGRWTH","A","2018",2.42124827051691,"E"
"SVK","HHDI","NET","AGRWTH","A","2000",1.02006611694069,
"SVK","HHDI","NET","AGRWTH","A","2001",2.66903799686629,
"SVK","HHDI","NET","AGRWTH","A","2002",5.17073167601513,
"SVK","HHDI","NET","AGRWTH","A","2003",0.029025620707791,
"SVK","HHDI","NET","AGRWTH","A","2004",2.90491896730984,
"SVK","HHDI","NET","AGRWTH","A","2005",5.12820360668379,
"SVK","HHDI","NET","AGRWTH","A","2006",3.9423668629015,
"SVK","HHDI","NET","AGRWTH","A","2007",10.2914430255335,
"SVK","HHDI","NET","AGRWTH","A","2008",5.44161011369,
"SVK","HHDI","NET","AGRWTH","A","2009",1.4038855021111,
"SVK","HHDI","NET","AGRWTH","A","2010",0.657518770498728,
"SVK","HHDI","NET","AGRWTH","A","2011",-2.4888353960486,
"SVK","HHDI","NET","AGRWTH","A","2012",-0.413753860887676,
"SVK","HHDI","NET","AGRWTH","A","2013",0.482819758522377,
"SVK","HHDI","NET","AGRWTH","A","2014",4.83648535531126,
"SVK","HHDI","NET","AGRWTH","A","2015",4.07115253654881,
"SVK","HHDI","NET","AGRWTH","A","2016",2.53034800195813,
"SVK","HHDI","NET","AGRWTH","A","2017",2.1979970406977,
"ESP","HHDI","NET","AGRWTH","A","2000",5.14485748481194,
"ESP","HHDI","NET","AGRWTH","A","2001",3.20573340329192,
"ESP","HHDI","NET","AGRWTH","A","2002",3.4456153117625,
"ESP","HHDI","NET","AGRWTH","A","2003",3.90869137723792,
"ESP","HHDI","NET","AGRWTH","A","2004",3.07028442220505,
"ESP","HHDI","NET","AGRWTH","A","2005",2.94904809489886,
"ESP","HHDI","NET","AGRWTH","A","2006",2.17687424626076,
"ESP","HHDI","NET","AGRWTH","A","2007",1.16980913520156,
"ESP","HHDI","NET","AGRWTH","A","2008",2.42353695983389,
"ESP","HHDI","NET","AGRWTH","A","2009",3.48644505120928,
"ESP","HHDI","NET","AGRWTH","A","2010",-2.89232992460156,
"ESP","HHDI","NET","AGRWTH","A","2011",-1.18011192514213,
"ESP","HHDI","NET","AGRWTH","A","2012",-5.17351797154855,
"ESP","HHDI","NET","AGRWTH","A","2013",-1.71256766417591,
"ESP","HHDI","NET","AGRWTH","A","2014",0.747606537654999,
"ESP","HHDI","NET","AGRWTH","A","2015",2.45505662132088,
"ESP","HHDI","NET","AGRWTH","A","2016",1.67567703069886,
"ESP","HHDI","NET","AGRWTH","A","2017",0.139373062499711,
"SWE","HHDI","NET","AGRWTH","A","2000",3.84462956367476,
"SWE","HHDI","NET","AGRWTH","A","2001",5.07122294704052,
"SWE","HHDI","NET","AGRWTH","A","2002",2.63498330901734,
"SWE","HHDI","NET","AGRWTH","A","2003",0.453620579742277,
"SWE","HHDI","NET","AGRWTH","A","2004",0.96835617432468,
"SWE","HHDI","NET","AGRWTH","A","2005",2.35476561015176,
"SWE","HHDI","NET","AGRWTH","A","2006",3.9608948849543,
"SWE","HHDI","NET","AGRWTH","A","2007",4.01929513700658,
"SWE","HHDI","NET","AGRWTH","A","2008",2.81530308943926,
"SWE","HHDI","NET","AGRWTH","A","2009",1.96262027079475,
"SWE","HHDI","NET","AGRWTH","A","2010",2.39166848783,
"SWE","HHDI","NET","AGRWTH","A","2011",2.7689493238493,
"SWE","HHDI","NET","AGRWTH","A","2012",2.68895965670869,
"SWE","HHDI","NET","AGRWTH","A","2013",2.07686751857722,
"SWE","HHDI","NET","AGRWTH","A","2014",2.47437348896173,
"SWE","HHDI","NET","AGRWTH","A","2015",2.4501535561657,
"SWE","HHDI","NET","AGRWTH","A","2016",4.00480578052007,
"SWE","HHDI","NET","AGRWTH","A","2017",1.22120610605766,
"SWE","HHDI","NET","AGRWTH","A","2018",1.33049379488677,
"CHE","HHDI","NET","AGRWTH","A","2000",3.0300851171047,
"CHE","HHDI","NET","AGRWTH","A","2001",2.47742887156736,
"CHE","HHDI","NET","AGRWTH","A","2002",0.067407338847422,
"CHE","HHDI","NET","AGRWTH","A","2003",-0.39911420234892,
"CHE","HHDI","NET","AGRWTH","A","2004",1.30876851427315,
"CHE","HHDI","NET","AGRWTH","A","2005",2.07708233615917,
"CHE","HHDI","NET","AGRWTH","A","2006",3.01698428502524,
"CHE","HHDI","NET","AGRWTH","A","2007",3.45812079986456,
"CHE","HHDI","NET","AGRWTH","A","2008",1.04518662571288,
"CHE","HHDI","NET","AGRWTH","A","2009",2.34102339227693,
"CHE","HHDI","NET","AGRWTH","A","2010",0.987647263748176,
"CHE","HHDI","NET","AGRWTH","A","2011",2.06931631954452,
"CHE","HHDI","NET","AGRWTH","A","2012",3.36370916888879,
"CHE","HHDI","NET","AGRWTH","A","2013",3.04504262779976,
"CHE","HHDI","NET","AGRWTH","A","2014",1.94282045950583,"E"
"CHE","HHDI","NET","AGRWTH","A","2015",0.858623440351568,"E"
"CHE","HHDI","NET","AGRWTH","A","2016",3.10581565397816,"E"
"GBR","HHDI","NET","AGRWTH","A","2000",5.98508481571485,
"GBR","HHDI","NET","AGRWTH","A","2001",3.84567623201416,
"GBR","HHDI","NET","AGRWTH","A","2002",2.9138352709728,
"GBR","HHDI","NET","AGRWTH","A","2003",1.93548355051819,
"GBR","HHDI","NET","AGRWTH","A","2004",2.505311011697,
"GBR","HHDI","NET","AGRWTH","A","2005",2.3946713072207,
"GBR","HHDI","NET","AGRWTH","A","2006",1.72334944546526,
"GBR","HHDI","NET","AGRWTH","A","2007",2.67082273593405,
"GBR","HHDI","NET","AGRWTH","A","2008",0.290748124412722,
"GBR","HHDI","NET","AGRWTH","A","2009",1.9787370010536,
"GBR","HHDI","NET","AGRWTH","A","2010",-0.257759297275683,
"GBR","HHDI","NET","AGRWTH","A","2011",-1.54029886521769,
"GBR","HHDI","NET","AGRWTH","A","2012",2.76195624202058,
"GBR","HHDI","NET","AGRWTH","A","2013",1.25636193447093,
"GBR","HHDI","NET","AGRWTH","A","2014",1.24568446459541,
"GBR","HHDI","NET","AGRWTH","A","2015",4.86064643050466,
"GBR","HHDI","NET","AGRWTH","A","2016",0.120383698179948,
"GBR","HHDI","NET","AGRWTH","A","2017",-0.21968905198747,
"USA","HHDI","NET","AGRWTH","A","2000",4.69514138733067,
"USA","HHDI","NET","AGRWTH","A","2001",2.78260350167781,
"USA","HHDI","NET","AGRWTH","A","2002",3.381096136127,
"USA","HHDI","NET","AGRWTH","A","2003",2.64002728768065,
"USA","HHDI","NET","AGRWTH","A","2004",3.06246667066199,
"USA","HHDI","NET","AGRWTH","A","2005",1.33703699671514,
"USA","HHDI","NET","AGRWTH","A","2006",3.61818489168065,
"USA","HHDI","NET","AGRWTH","A","2007",2.05850203694101,
"USA","HHDI","NET","AGRWTH","A","2008",1.15776631942475,
"USA","HHDI","NET","AGRWTH","A","2009",0.222075220011588,
"USA","HHDI","NET","AGRWTH","A","2010",1.86402568146293,
"USA","HHDI","NET","AGRWTH","A","2011",2.13476656143717,
"USA","HHDI","NET","AGRWTH","A","2012",3.15362824765357,
"USA","HHDI","NET","AGRWTH","A","2013",-1.14085441691878,
"USA","HHDI","NET","AGRWTH","A","2014",3.77549296243971,
"USA","HHDI","NET","AGRWTH","A","2015",3.93968354097541,
"USA","HHDI","NET","AGRWTH","A","2016",1.87398610561403,
"USA","HHDI","NET","AGRWTH","A","2017",2.34217984253421,
"EST","HHDI","NET","AGRWTH","A","2000",7.39911026592735,
"EST","HHDI","NET","AGRWTH","A","2001",1.84926868321478,
"EST","HHDI","NET","AGRWTH","A","2002",2.32111869191549,
"EST","HHDI","NET","AGRWTH","A","2003",7.88146550969141,
"EST","HHDI","NET","AGRWTH","A","2004",6.79064659932952,
"EST","HHDI","NET","AGRWTH","A","2005",9.30437163722959,
"EST","HHDI","NET","AGRWTH","A","2006",9.66235567319295,
"EST","HHDI","NET","AGRWTH","A","2007",10.1283217054669,
"EST","HHDI","NET","AGRWTH","A","2008",5.36486339062593,
"EST","HHDI","NET","AGRWTH","A","2009",-6.86620999581754,
"EST","HHDI","NET","AGRWTH","A","2010",-3.46157435818496,
"EST","HHDI","NET","AGRWTH","A","2011",3.69439818862877,
"EST","HHDI","NET","AGRWTH","A","2012",3.09262371968211,
"EST","HHDI","NET","AGRWTH","A","2013",2.30680221512092,
"EST","HHDI","NET","AGRWTH","A","2014",4.13666983647688,
"EST","HHDI","NET","AGRWTH","A","2015",4.60021131547482,
"EST","HHDI","NET","AGRWTH","A","2016",3.78277466714207,
"EST","HHDI","NET","AGRWTH","A","2017",3.74295802117433,
"RUS","HHDI","NET","AGRWTH","A","2012",5.77735025052911,
"RUS","HHDI","NET","AGRWTH","A","2013",4.28262443640899,
"RUS","HHDI","NET","AGRWTH","A","2014",2.73505870175603,
"RUS","HHDI","NET","AGRWTH","A","2015",-7.09636044571825,
"SVN","HHDI","NET","AGRWTH","A","2000",4.33335923334053,
"SVN","HHDI","NET","AGRWTH","A","2001",3.86814993010565,
"SVN","HHDI","NET","AGRWTH","A","2002",2.65441846032564,
"SVN","HHDI","NET","AGRWTH","A","2003",0.641888080861134,
"SVN","HHDI","NET","AGRWTH","A","2004",3.14808793208869,
"SVN","HHDI","NET","AGRWTH","A","2005",4.43576220465106,
"SVN","HHDI","NET","AGRWTH","A","2006",2.94813716685865,
"SVN","HHDI","NET","AGRWTH","A","2007",4.20924148179906,
"SVN","HHDI","NET","AGRWTH","A","2008",2.94100973187757,
"SVN","HHDI","NET","AGRWTH","A","2009",-0.837430622250501,
"SVN","HHDI","NET","AGRWTH","A","2010",-0.354517711544441,
"SVN","HHDI","NET","AGRWTH","A","2011",0.251825723335641,
"SVN","HHDI","NET","AGRWTH","A","2012",-4.21066383337303,
"SVN","HHDI","NET","AGRWTH","A","2013",-1.67065747600447,
"SVN","HHDI","NET","AGRWTH","A","2014",1.42218265181005,
"SVN","HHDI","NET","AGRWTH","A","2015",1.99524867967975,
"SVN","HHDI","NET","AGRWTH","A","2016",4.57639948370679,
"SVN","HHDI","NET","AGRWTH","A","2017",2.5649680858803,
"ZAF","HHDI","NET","AGRWTH","A","2000",3.5245975972126,
"ZAF","HHDI","NET","AGRWTH","A","2001",3.00989198610849,
"ZAF","HHDI","NET","AGRWTH","A","2002",4.46874098295853,
"ZAF","HHDI","NET","AGRWTH","A","2003",3.73446524148959,
"ZAF","HHDI","NET","AGRWTH","A","2004",5.60657575552822,
"ZAF","HHDI","NET","AGRWTH","A","2005",4.1774542093358,
"ZAF","HHDI","NET","AGRWTH","A","2006",5.97584218935829,
"ZAF","HHDI","NET","AGRWTH","A","2007",5.6134057531952,
"ZAF","HHDI","NET","AGRWTH","A","2008",1.48237344935125,
"ZAF","HHDI","NET","AGRWTH","A","2009",0.874416690492475,
"ZAF","HHDI","NET","AGRWTH","A","2010",3.06799891631952,
"ZAF","HHDI","NET","AGRWTH","A","2011",6.75243590454715,
"ZAF","HHDI","NET","AGRWTH","A","2012",3.30512894071728,
"ZAF","HHDI","NET","AGRWTH","A","2013",1.92978506881203,
"ZAF","HHDI","NET","AGRWTH","A","2014",1.69273173055381,
"ZAF","HHDI","NET","AGRWTH","A","2015",3.20850077203953,
"ZAF","HHDI","NET","AGRWTH","A","2016",0.953888111860626,
"ZAF","HHDI","NET","AGRWTH","A","2017",1.45156712875101,
"EA","HHDI","NET","AGRWTH","A","2001",2.89368872525133,
"EA","HHDI","NET","AGRWTH","A","2002",1.29280542114653,
"EA","HHDI","NET","AGRWTH","A","2003",1.35506439405111,
"EA","HHDI","NET","AGRWTH","A","2004",1.62189832844676,
"EA","HHDI","NET","AGRWTH","A","2005",1.11024779847729,
"EA","HHDI","NET","AGRWTH","A","2006",1.86107513467228,
"EA","HHDI","NET","AGRWTH","A","2007",1.57444708691102,
"EA","HHDI","NET","AGRWTH","A","2008",0.778438117218947,
"EA","HHDI","NET","AGRWTH","A","2009",0.407206440687189,
"EA","HHDI","NET","AGRWTH","A","2010",-0.241187178661045,
"EA","HHDI","NET","AGRWTH","A","2011",-0.208418703611285,
"EA","HHDI","NET","AGRWTH","A","2012",-1.3972196786844,
"EA","HHDI","NET","AGRWTH","A","2013",-0.585058522302269,
"EA","HHDI","NET","AGRWTH","A","2014",1.12464583631846,
"EA","HHDI","NET","AGRWTH","A","2015",1.66649362372458,
"EA","HHDI","NET","AGRWTH","A","2016",1.8509087901337,
"EA","HHDI","NET","AGRWTH","A","2017",1.43469879150695,
"EA","HHDI","NET","AGRWTH","A","2018",1.52887171243784,
"LVA","HHDI","NET","AGRWTH","A","2000",4.80531816270492,
"LVA","HHDI","NET","AGRWTH","A","2001",4.5334375697032,
"LVA","HHDI","NET","AGRWTH","A","2002",7.12249476005067,
"LVA","HHDI","NET","AGRWTH","A","2003",8.21158058753352,
"LVA","HHDI","NET","AGRWTH","A","2004",5.58508239079174,
"LVA","HHDI","NET","AGRWTH","A","2005",9.71673692139584,
"LVA","HHDI","NET","AGRWTH","A","2006",12.7529462864861,
"LVA","HHDI","NET","AGRWTH","A","2007",10.4064422100629,
"LVA","HHDI","NET","AGRWTH","A","2008",3.58410686743942,
"LVA","HHDI","NET","AGRWTH","A","2009",-12.6953133514642,
"LVA","HHDI","NET","AGRWTH","A","2010",-3.75841921952349,
"LVA","HHDI","NET","AGRWTH","A","2011",-7.47662697102083,
"LVA","HHDI","NET","AGRWTH","A","2012",2.7013885390283,
"LVA","HHDI","NET","AGRWTH","A","2013",4.70517410975992,
"LVA","HHDI","NET","AGRWTH","A","2014",2.8528099464906,
"LVA","HHDI","NET","AGRWTH","A","2015",6.7149273319754,
"LVA","HHDI","NET","AGRWTH","A","2016",4.6973090363174,
"LVA","HHDI","NET","AGRWTH","A","2017",2.34492760899819,
"CRI","HHDI","NET","AGRWTH","A","2013",2.67880367927665,
"CRI","HHDI","NET","AGRWTH","A","2014",3.38772757163325,
"CRI","HHDI","NET","AGRWTH","A","2015",4.68252668491548,
"CRI","HHDI","NET","AGRWTH","A","2016",7.35226522703357,
"LTU","HHDI","NET","AGRWTH","A","2000",7.99737090268357,
"LTU","HHDI","NET","AGRWTH","A","2001",2.40829351065611,
"LTU","HHDI","NET","AGRWTH","A","2002",5.9773971255072,
"LTU","HHDI","NET","AGRWTH","A","2003",7.89060003586296,
"LTU","HHDI","NET","AGRWTH","A","2004",15.9649539445536,
"LTU","HHDI","NET","AGRWTH","A","2005",6.48217776151848,
"LTU","HHDI","NET","AGRWTH","A","2006",9.04860109343969,
"LTU","HHDI","NET","AGRWTH","A","2007",1.53065659314008,
"LTU","HHDI","NET","AGRWTH","A","2008",7.02922479367041,
"LTU","HHDI","NET","AGRWTH","A","2009",-10.2184176531743,
"LTU","HHDI","NET","AGRWTH","A","2010",-0.838622977017608,
"LTU","HHDI","NET","AGRWTH","A","2011",0.640296297453257,
"LTU","HHDI","NET","AGRWTH","A","2012",0.358992310016569,
"LTU","HHDI","NET","AGRWTH","A","2013",4.22610152759239,
"LTU","HHDI","NET","AGRWTH","A","2014",1.49048214145669,
"LTU","HHDI","NET","AGRWTH","A","2015",3.08716419779594,
"LTU","HHDI","NET","AGRWTH","A","2016",3.96725622231901,
"LTU","HHDI","NET","AGRWTH","A","2017",1.27184667837646,
